richness_simu_summer,richness_simu_winter,elevation,slope,latitude,richness_difference_simu,richness_summer,richness_winter,richness_difference
92.8219302739429,69.31471805599453,100,Swiss Alps,46.499191250090036,23.507212217948364,NA,NA,NA
177.15567619105354,138.37912309017722,300,Swiss Alps,46.499191250090036,38.77655310087633,49,43,6
276.3169500323289,229.75725511705014,500,Swiss Alps,46.499191250090036,46.55969491527878,55,43,12
243.09783077624445,201.35687975291285,700,Swiss Alps,46.499191250090036,41.740951023331604,66,48,18
202.41930674493577,160.54298910365617,900,Swiss Alps,46.499191250090036,41.8763176412796,72,48,24
169.1939133945844,124.99017362143358,1100,Swiss Alps,46.499191250090036,44.203739773150815,73,47,26
146.55675420143984,93.60933591703348,1300,Swiss Alps,46.499191250090036,52.94741828440637,72,42,30
147.93292270870802,76.54678421395714,1500,Swiss Alps,46.499191250090036,71.38613849475088,73,41,32
122.67122912954254,48.85800148186709,1700,Swiss Alps,46.499191250090036,73.81322764767545,73,38,35
98.95411936137477,27.763173659827956,1900,Swiss Alps,46.499191250090036,71.19094570154681,73,32,41
66.26879730752367,11.332868530700328,2100,Swiss Alps,46.499191250090036,54.935928776823346,70,32,38
22.314355131420978,3.922071315328133,2300,Swiss Alps,46.499191250090036,18.392283816092846,59,17,42
0,0.9950330853168092,2500,Swiss Alps,46.499191250090036,-0.9950330853168092,36,5,31
0,0,2700,Swiss Alps,46.499191250090036,0,24,5,19
0,0,2900,Swiss Alps,46.499191250090036,0,10,2,8
0,0,3100,Swiss Alps,46.499191250090036,0,10,2,8
0,0,3300,Swiss Alps,46.499191250090036,0,7,2,5
0,0,3500,Swiss Alps,46.499191250090036,0,5,2,3
0,0,3700,Swiss Alps,46.499191250090036,0,NA,NA,NA
0,0,3900,Swiss Alps,46.499191250090036,0,NA,NA,NA
0,0,4100,Swiss Alps,46.499191250090036,0,NA,NA,NA
0,0,4300,Swiss Alps,46.499191250090036,0,NA,NA,NA
110.85626195212777,103.67368849500222,100,Australian Alps,-36.637617375497356,7.182573457125542,NA,NA,NA
296.1140828784372,287.07357833793054,300,Australian Alps,-36.637617375497356,9.040504540506674,44,69,-25
278.13006628418026,281.42103969306004,500,Australian Alps,-36.637617375497356,-3.290973408879779,60,96,-36
280.39662579320367,289.0927159187865,700,Australian Alps,-36.637617375497356,-8.696090125582828,61,101,-40
275.55697170701865,284.6652050539838,900,Australian Alps,-36.637617375497356,-9.108233346965164,57,97,-40
249.73291697865574,259.00171341906173,1100,Australian Alps,-36.637617375497356,-9.268796440405993,52,94,-42
213.29823086078662,222.2459048514761,1300,Australian Alps,-36.637617375497356,-8.94767399068948,36,72,-36
141.5853163361435,152.6056303495049,1500,Australian Alps,-36.637617375497356,-11.0203140133614,17,63,-46
52.472852893498214,72.27059828014897,1700,Australian Alps,-36.637617375497356,-19.79774538665076,8,51,-43
0,11.332868530700328,1900,Australian Alps,-36.637617375497356,-11.332868530700328,0,37,-37
0,0,2100,Australian Alps,-36.637617375497356,0,0,7,-7
209.67901800144492,191.83921201614208,100,Blue Ridge,36.06284264822109,17.83980598530283,NA,NA,NA
402.83828065443413,360.46822953131806,300,Blue Ridge,36.06284264822109,42.37005112311607,84,66,18
334.2508385313476,286.67618922570307,500,Blue Ridge,36.06284264822109,47.57464930564453,89,68,21
338.0654480430826,288.14431271518635,700,Blue Ridge,36.06284264822109,49.92113532789625,90,68,22
304.02275134405426,255.25652982618152,900,Blue Ridge,36.06284264822109,48.76622151787274,94,66,28
223.64452904895006,181.4824742159051,1100,Blue Ridge,36.06284264822109,42.16205483304495,96,60,36
105.43120297715298,98.58167945227652,1300,Blue Ridge,36.06284264822109,6.84952352487646,95,50,45
0,44.468582126144575,1500,Blue Ridge,36.06284264822109,-44.468582126144575,86,29,57
0,11.332868530700328,1700,Blue Ridge,36.06284264822109,-11.332868530700328,67,16,51
0,0,1900,Blue Ridge,36.06284264822109,0,13,0,13
45.107561936021654,43.82549309311553,100,Cascade East,45.03017111707651,1.2820688429061207,78,57,21
84.58682675776092,70.80357930536961,300,Cascade East,45.03017111707651,13.783247452391308,90,62,28
131.10318766193438,107.15836162801904,500,Cascade East,45.03017111707651,23.944826033915348,97,65,32
173.51891177396607,145.1613827240533,700,Cascade East,45.03017111707651,28.357529049912756,104,62,42
205.66845545572198,178.84205679625404,900,Cascade East,45.03017111707651,26.82639865946794,110,59,51
202.0222182019865,179.1759469228055,1100,Cascade East,45.03017111707651,22.846271279180996,102,52,50
168.2688374173693,149.51487660319728,1300,Cascade East,45.03017111707651,18.753960814172018,100,33,67
127.25655957915475,112.4929596985483,1500,Cascade East,45.03017111707651,14.76359988060645,95,27,68
70.30975114131134,66.78293725756555,1700,Cascade East,45.03017111707651,3.5268138837457883,82,13,69
7.696104113612839,23.111172096338663,1900,Cascade East,45.03017111707651,-15.415067982725823,73,8,65
0,2.955880224154443,2100,Cascade East,45.03017111707651,-2.955880224154443,60,4,56
0,0,2300,Cascade East,45.03017111707651,0,17,0,17
0,0,2500,Cascade East,45.03017111707651,0,14,0,14
0,0,2700,Cascade East,45.03017111707651,0,NA,NA,NA
0,0,2900,Cascade East,45.03017111707651,0,NA,NA,NA
261.8125493574223,232.82528397426233,100,Cascade West,44.69016704411341,28.98726538315998,76,62,14
209.80179272527715,187.79371654691073,300,Cascade West,44.69016704411341,22.008076178366423,85,59,26
198.92432737616872,181.15620965242348,500,Cascade West,44.69016704411341,17.768117723745235,87,44,43
199.197551589856,182.7769906751088,700,Cascade West,44.69016704411341,16.4205609147472,78,31,47
195.1608170169951,179.1759469228055,900,Cascade West,44.69016704411341,15.984870094189603,75,25,50
194.4480556245719,177.15567619105354,1100,Cascade West,44.69016704411341,17.292379433518363,78,22,56
155.18087995974642,140.60969884160704,1300,Cascade West,44.69016704411341,14.571181118139378,80,20,60
102.24509277025457,94.00072584914712,1500,Cascade West,44.69016704411341,8.244366921107456,82,15,67
43.178241642553786,51.282362642866374,1700,Cascade West,44.69016704411341,-8.104121000312588,72,5,67
0,13.976194237515863,1900,Cascade West,44.69016704411341,-13.976194237515863,57,0,57
0,0,2100,Cascade West,44.69016704411341,0,41,0,41
0,0,2300,Cascade West,44.69016704411341,0,14,0,14
0,0,2500,Cascade West,44.69016704411341,0,11,0,11
0,0,2700,Cascade West,44.69016704411341,0,10,0,10
0,0,2900,Cascade West,44.69016704411341,0,NA,NA,NA
150.1852701754163,153.03947050936475,100,Coastal Range,40.4826542791673,-2.854200333948455,95,114,-19
226.90283094652028,221.4846178686039,300,Coastal Range,40.4826542791673,5.418213077916391,94,81,13
239.33394562625097,228.64557110641618,500,Coastal Range,40.4826542791673,10.688374519834781,100,80,20
236.83728335320487,221.4846178686039,700,Coastal Range,40.4826542791673,15.352665484600976,97,78,19
237.9546134130174,219.2770226986839,900,Coastal Range,40.4826542791673,18.67759071433349,95,63,32
228.34022735772717,207.81907597781833,1100,Coastal Range,40.4826542791673,20.521151379908844,94,38,56
198.6503546020567,179.84040119467235,1300,Coastal Range,40.4826542791673,18.80995340738434,90,28,62
156.65304114228238,139.87168811184478,1500,Coastal Range,40.4826542791673,16.7813530304376,86,8,78
119.69481893889716,106.47107369924282,1700,Coastal Range,40.4826542791673,13.223745239654335,81,7,74
73.71640659767196,66.26879730752367,1900,Coastal Range,40.4826542791673,7.447609290148293,71,0,71
27.763173659827956,26.236426446749107,2100,Coastal Range,40.4826542791673,1.526747213078849,49,0,49
0,0,2300,Coastal Range,40.4826542791673,0,NA,NA,NA
0,0,2500,Coastal Range,40.4826542791673,0,NA,NA,NA
0,43.178241642553786,300,Columbia Mountains,49.78709753362698,-43.178241642553786,90,62,28
202.55131996542804,146.32554022560188,500,Columbia Mountains,49.78709753362698,56.22577973982615,109,73,36
236.08540011180216,177.6645831418007,700,Columbia Mountains,49.78709753362698,58.420816970001454,119,70,49
281.60073426073023,220.71749081893876,900,Columbia Mountains,49.78709753362698,60.88324344179148,117,62,55
296.8361076757859,233.1172549845958,1100,Columbia Mountains,49.78709753362698,63.71885269119011,117,57,60
305.3057340173261,240.5141681319138,1300,Columbia Mountains,49.78709753362698,64.79156588541227,109,49,60
291.83111265854063,225.9677591982769,1500,Columbia Mountains,49.78709753362698,65.86335346026374,95,27,68
265.9559991941776,192.2787731634459,1700,Columbia Mountains,49.78709753362698,73.6772260307317,86,27,59
210.77860146889785,128.92326482767592,1900,Columbia Mountains,49.78709753362698,81.85533664122192,79,23,56
92.8219302739429,40.546510810816436,2100,Columbia Mountains,49.78709753362698,52.27541946312646,60,9,51
0,0,2300,Columbia Mountains,49.78709753362698,0,34,0,34
0,0,2500,Columbia Mountains,49.78709753362698,0,10,0,10
0,0,2700,Columbia Mountains,49.78709753362698,0,NA,NA,NA
0,0,2900,Columbia Mountains,49.78709753362698,0,NA,NA,NA
0,0,3100,Columbia Mountains,49.78709753362698,0,NA,NA,NA
111.51415906193203,108.5189268335969,100,Cord Cantabrica,43.20048180236009,2.9952322283351407,47,38,9
139.62446919730587,126.9760544863939,300,Cord Cantabrica,43.20048180236009,12.648414710911965,58,39,19
126.12978709452054,109.52733874025951,500,Cord Cantabrica,43.20048180236009,16.60244835426103,63,42,21
111.18575154181303,92.8219302739429,700,Cord Cantabrica,43.20048180236009,18.363821267870136,64,43,21
116.9381359556317,96.69838461896731,900,Cord Cantabrica,43.20048180236009,20.239751336664384,66,44,22
108.5189268335969,86.28899551470398,1100,Cord Cantabrica,43.20048180236009,22.22993131889291,70,41,29
122.37754316221157,96.69838461896731,1300,Cord Cantabrica,43.20048180236009,25.679158543244256,68,32,36
103.67368849500222,82.41754429663494,1500,Cord Cantabrica,43.20048180236009,21.25614419836728,62,27,35
67.29444732424258,53.64933705145685,1700,Cord Cantabrica,43.20048180236009,13.645110272785736,61,26,35
15.70037488096647,13.976194237515863,1900,Cord Cantabrica,43.20048180236009,1.724180643450607,46,11,35
0,0,2100,Cord Cantabrica,43.20048180236009,0,4,0,4
0,0,2300,Cord Cantabrica,43.20048180236009,0,NA,NA,NA
378.9403291880235,381.2423640205391,100,Cord. de Mérida,8.93176622828485,-2.3020348325156306,21,12,9
219.38856760707046,222.13750375685026,300,Cord. de Mérida,8.93176622828485,-2.7489361497798086,68,95,-27
182.7769906751088,187.79371654691073,500,Cord. de Mérida,8.93176622828485,-5.016725871801924,92,119,-27
168.4545384920906,174.04661748405047,700,Cord. de Mérida,8.93176622828485,-5.59207899195988,108,147,-39
157.89787049493918,163.70530794670736,900,Cord. de Mérida,8.93176622828485,-5.80743745176818,137,179,-42
142.3108334242607,147.70487243883548,1100,Cord. de Mérida,8.93176622828485,-5.394039014574787,133,170,-37
143.746264769429,150.1852701754163,1300,Cord. de Mérida,8.93176622828485,-6.439005405987302,132,171,-39
130.0191662066479,135.58351536351822,1500,Cord. de Mérida,8.93176622828485,-5.564349156870321,115,162,-47
128.09338454620644,134.28648031925547,1700,Cord. de Mérida,8.93176622828485,-6.193095773049038,92,155,-63
124.4154593958768,131.37236682850553,1900,Cord. de Mérida,8.93176622828485,-6.956907432628739,71,106,-35
114.10330045520618,119.69481893889716,2100,Cord. de Mérida,8.93176622828485,-5.591518483690976,65,97,-32
106.12565021243408,111.84149159642894,2300,Cord. de Mérida,8.93176622828485,-5.7158413839948565,47,70,-23
91.62907318741551,95.55114450274364,2500,Cord. de Mérida,8.93176622828485,-3.9220713153281253,36,59,-23
77.01082216960738,79.75071958841879,2700,Cord. de Mérida,8.93176622828485,-2.7398974188114096,19,48,-29
60.97655716208942,60.97655716208942,2900,Cord. de Mérida,8.93176622828485,0,13,40,-27
45.107561936021654,41.8710334858185,3100,Cord. de Mérida,8.93176622828485,3.236528450203153,13,20,-7
37.843643572024504,32.93037471426005,3300,Cord. de Mérida,8.93176622828485,4.913268857764457,12,20,-8
28.51789422336625,20.70141693843261,3500,Cord. de Mérida,8.93176622828485,7.816477284933637,10,8,2
22.314355131420978,11.332868530700328,3700,Cord. de Mérida,8.93176622828485,10.98148660072065,7,8,-1
15.70037488096647,2.955880224154443,3900,Cord. de Mérida,8.93176622828485,12.744494656812027,5,5,0
9.531017980432493,0,4100,Cord. de Mérida,8.93176622828485,9.531017980432493,4,5,-1
2.955880224154443,0,4300,Cord. de Mérida,8.93176622828485,2.955880224154443,4,0,4
0,0,4500,Cord. de Mérida,8.93176622828485,0,NA,NA,NA
24.68600779315258,27.00271372130602,100,Peru Pacific,-16.360967393669647,-2.3167059281534392,NA,NA,NA
14.842000511827322,16.551443847757334,300,Peru Pacific,-16.360967393669647,-1.7094433359300112,NA,NA,NA
23.901690047049993,24.68600779315258,500,Peru Pacific,-16.360967393669647,-0.7843177461025874,4,10,-6
24.68600779315258,23.901690047049993,700,Peru Pacific,-16.360967393669647,0.7843177461025874,4,10,-6
35.76744442718159,32.208349916911324,900,Peru Pacific,-16.360967393669647,3.5590945102702634,4,10,-6
51.87937934151676,43.82549309311553,1100,Peru Pacific,-16.360967393669647,8.053886248401227,13,17,-4
70.30975114131134,59.33268452777344,1300,Peru Pacific,-16.360967393669647,10.9770666135379,16,23,-7
55.961578793542266,46.37340162321401,1500,Peru Pacific,-16.360967393669647,9.588177170328258,16,25,-9
44.468582126144575,36.46431135879092,1700,Peru Pacific,-16.360967393669647,8.004270767353653,16,29,-13
43.178241642553786,35.06568716131693,1900,Peru Pacific,-16.360967393669647,8.112554481236856,16,29,-13
43.82549309311553,36.46431135879092,2100,Peru Pacific,-16.360967393669647,7.36118173432461,18,29,-11
48.242614924429276,40.546510810816436,2300,Peru Pacific,-16.360967393669647,7.69610411361284,20,33,-13
51.87937934151676,43.178241642553786,2500,Peru Pacific,-16.360967393669647,8.701137698962974,30,35,-5
57.66133643039938,47.000362924573565,2700,Peru Pacific,-16.360967393669647,10.660973505825815,33,42,-9
64.71032420585385,53.06282510621704,2900,Peru Pacific,-16.360967393669647,11.64749909963681,43,48,-5
64.18538861723947,51.87937934151676,3100,Peru Pacific,-16.360967393669647,12.306009275722708,43,51,-8
70.80357930536961,58.22156198526637,3300,Peru Pacific,-16.360967393669647,12.58201732010324,43,52,-9
68.30968447064438,57.09795465857378,3500,Peru Pacific,-16.360967393669647,11.211729812070608,43,52,-9
63.127177684185774,52.472852893498214,3700,Peru Pacific,-16.360967393669647,10.65432479068756,44,48,-4
179.3424748547116,177.6645831418007,3900,Peru Pacific,-16.360967393669647,1.677891712910906,41,45,-4
149.29040961781487,143.746264769429,4100,Peru Pacific,-16.360967393669647,5.5441448483858835,39,39,0
154.54325824581878,148.38746894587547,4300,Peru Pacific,-16.360967393669647,6.155789299943308,34,31,3
154.96879080283264,148.16045409242156,4500,Peru Pacific,-16.360967393669647,6.8083367104110835,29,31,-2
119.08875647772805,112.16775615991057,4700,Peru Pacific,-16.360967393669647,6.921000317817487,21,27,-6
56.531380905006046,52.472852893498214,4900,Peru Pacific,-16.360967393669647,4.058528011507832,16,10,6
9.531017980432493,11.332868530700328,5100,Peru Pacific,-16.360967393669647,-1.8018505502678348,6,0,6
0,0.9950330853168092,5300,Peru Pacific,-16.360967393669647,-0.9950330853168092,3,0,3
0,0,5500,Peru Pacific,-16.360967393669647,0,NA,NA,NA
0,0,5700,Peru Pacific,-16.360967393669647,0,NA,NA,NA
0,0,5900,Peru Pacific,-16.360967393669647,0,NA,NA,NA
0,0,6100,Peru Pacific,-16.360967393669647,0,NA,NA,NA
331.38223021771546,318.8416617383492,100,Peru Amazon,-13.561767964909556,12.540568479366243,NA,NA,NA
430.62249212575995,417.08425331948257,300,Peru Amazon,-13.561767964909556,13.538238806277377,112,90,22
272.12954278522307,263.54795082673746,500,Peru Amazon,-13.561767964909556,8.581591958485603,193,154,39
251.608226725645,243.361335540045,700,Peru Amazon,-13.561767964909556,8.24689118560002,221,184,37
232.33676321765745,225.3394848803274,900,Peru Amazon,-13.561767964909556,6.9972783373300445,246,192,54
219.1653532286764,212.8231705849268,1100,Peru Amazon,-13.561767964909556,6.342182643749595,220,184,36
211.62555148025524,204.51088625993305,1300,Peru Amazon,-13.561767964909556,7.114665220322195,233,183,50
212.34584270966104,204.12203288596382,1500,Peru Amazon,-13.561767964909556,8.223809823697223,227,189,38
193.7301774518713,186.0974538249528,1700,Peru Amazon,-13.561767964909556,7.632723626918505,205,207,-2
189.0095369948917,183.09801823813362,1900,Peru Amazon,-13.561767964909556,5.911518756758085,201,206,-5
172.09792871670078,169.1939133945844,2100,Peru Amazon,-13.561767964909556,2.904015322116379,184,205,-21
158.51452198650557,155.18087995974642,2300,Peru Amazon,-13.561767964909556,3.3336420267591507,194,193,1
143.50845252893228,140.11829736136414,2500,Peru Amazon,-13.561767964909556,3.390155167568139,182,179,3
137.62440252663893,133.2366019094335,2700,Peru Amazon,-13.561767964909556,4.387800617205443,167,171,-4
139.62446919730587,135.32545070416904,2900,Peru Amazon,-13.561767964909556,4.299018493136828,170,162,8
142.0695787837223,140.60969884160704,3100,Peru Amazon,-13.561767964909556,1.4598799421152648,145,123,22
153.4714366238164,150.4077396776274,3300,Peru Amazon,-13.561767964909556,3.0636969461889976,142,121,21
165.44112780768316,164.48050562713917,3500,Peru Amazon,-13.561767964909556,0.960622180543993,134,120,14
178.33912195575382,179.0091412127358,3700,Peru Amazon,-13.561767964909556,-0.6700192569819876,132,117,15
197.54689512968577,199.74177062012453,3900,Peru Amazon,-13.561767964909556,-2.1948754904387613,116,106,10
196.15022438151496,200.28304393079958,4100,Peru Amazon,-13.561767964909556,-4.132819549284619,99,88,11
193.15214116032138,196.43112344262045,4300,Peru Amazon,-13.561767964909556,-3.2789822822990686,82,72,10
178.67469274045106,184.21356765531218,4500,Peru Amazon,-13.561767964909556,-5.538874914861111,44,32,12
132.70750014599193,144.45632692438664,4700,Peru Amazon,-13.561767964909556,-11.748826778394715,26,17,9
48.242614924429276,78.84573603642703,4900,Peru Amazon,-13.561767964909556,-30.60312111199775,18,15,3
0,17.3953307123438,5100,Peru Amazon,-13.561767964909556,-17.3953307123438,8,0,8
0,0,5300,Peru Amazon,-13.561767964909556,0,NA,NA,NA
0,0,5500,Peru Amazon,-13.561767964909556,0,NA,NA,NA
0,0,5700,Peru Amazon,-13.561767964909556,0,NA,NA,NA
243.2735777459091,239.24257969938353,300,Argentina North,-23.29576865761161,4.030998046525582,21,48,-27
273.8256043159276,267.0694414558441,500,Argentina North,-23.29576865761161,6.756162860083464,59,67,-8
219.6112848483529,212.4653884501384,700,Argentina North,-23.29576865761161,7.145896398214518,71,95,-24
191.6922612182061,189.0095369948917,900,Argentina North,-23.29576865761161,2.682724223314409,72,101,-29
156.02476682433286,158.10384379124022,1100,Argentina North,-23.29576865761161,-2.0790769669073654,72,101,-29
136.6091653802371,143.0311246536665,1300,Argentina North,-23.29576865761161,-6.421959273429394,74,107,-33
131.37236682850553,141.5853163361435,1500,Argentina North,-23.29576865761161,-10.212949507637973,75,108,-33
117.55733298042381,131.10318766193438,1700,Argentina North,-23.29576865761161,-13.545854681510576,73,103,-30
86.71004876833834,104.02767116551463,1900,Argentina North,-23.29576865761161,-17.317622397176294,71,95,-24
72.75486072772779,92.8219302739429,2100,Argentina North,-23.29576865761161,-20.06706954621511,75,101,-26
53.64933705145685,76.54678421395714,2300,Argentina North,-23.29576865761161,-22.897447162500292,70,77,-7
43.178241642553786,66.26879730752367,2500,Argentina North,-23.29576865761161,-23.090555664969884,52,66,-14
39.87761199573678,63.127177684185774,2700,Argentina North,-23.29576865761161,-23.249565688448996,48,62,-14
32.93037471426005,55.388511322643765,2900,Argentina North,-23.29576865761161,-22.458136608383718,41,46,-5
30.010459245033815,50.077528791248916,3100,Argentina North,-23.29576865761161,-20.0670695462151,34,43,-9
27.763173659827956,46.37340162321401,3300,Argentina North,-23.29576865761161,-18.610227963386052,28,36,-8
34.358970439007685,51.282362642866374,3500,Argentina North,-23.29576865761161,-16.92339220385869,24,34,-10
47.623417899637154,60.97655716208942,3700,Argentina North,-23.29576865761161,-13.353139262452267,21,31,-10
45.107561936021654,57.09795465857378,3900,Argentina North,-23.29576865761161,-11.990392722552123,17,17,0
27.763173659827956,40.546510810816436,4100,Argentina North,-23.29576865761161,-12.78333715098848,17,15,2
6.765864847381486,22.314355131420978,4300,Argentina North,-23.29576865761161,-15.548490284039492,7,7,0
0,13.976194237515863,4500,Argentina North,-23.29576865761161,-13.976194237515863,3,0,3
0,4.879016416943205,4700,Argentina North,-23.29576865761161,-4.879016416943205,NA,NA,NA
0,0,4900,Argentina North,-23.29576865761161,0,NA,NA,NA
0,0,5100,Argentina North,-23.29576865761161,0,NA,NA,NA
0,0,5300,Argentina North,-23.29576865761161,0,NA,NA,NA
170.83778602890038,177.83364488959143,100,Ecuador Pacific,0.08721281058829675,-6.995858860691044,NA,NA,NA
143.746264769429,148.61396960896067,300,Ecuador Pacific,0.08721281058829675,-4.867704839531683,66,0,66
148.83995840570444,149.9623046426894,500,Ecuador Pacific,0.08721281058829675,-1.1223462369849528,159,168,-9
132.17558399823196,131.6408233655724,700,Ecuador Pacific,0.08721281058829675,0.5347606326595553,182,206,-24
124.7032293786383,123.83742310432683,900,Ecuador Pacific,0.08721281058829675,0.865806274311467,244,266,-22
121.19409739751129,117.86549963416462,1100,Ecuador Pacific,0.08721281058829675,3.3285977633466644,256,269,-13
127.5362800412609,123.5471471385307,1300,Ecuador Pacific,0.08721281058829675,3.9891329027301907,257,270,-13
135.32545070416904,131.37236682850553,1500,Ecuador Pacific,0.08721281058829675,3.953083875663509,262,273,-11
143.50845252893228,141.09869737102622,1700,Ecuador Pacific,0.08721281058829675,2.409755157906062,245,241,4
140.11829736136414,140.11829736136414,1900,Ecuador Pacific,0.08721281058829675,0,238,231,7
132.4418957401803,132.97240096314962,2100,Ecuador Pacific,0.08721281058829675,-0.5305052229693104,214,226,-12
129.7463147413275,133.2366019094335,2300,Ecuador Pacific,0.08721281058829675,-3.4902871681059935,177,200,-23
127.81522025001874,132.70750014599193,2500,Ecuador Pacific,0.08721281058829675,-4.892279895973189,121,132,-11
127.25655957915475,132.4418957401803,2700,Ecuador Pacific,0.08721281058829675,-5.18533616102556,124,139,-15
139.12819026309296,144.45632692438664,2900,Ecuador Pacific,0.08721281058829675,-5.328136661293684,116,131,-15
140.85449700547105,146.32554022560188,3100,Ecuador Pacific,0.08721281058829675,-5.471043220130838,119,133,-14
124.99017362143358,130.56264580524356,3300,Ecuador Pacific,0.08721281058829675,-5.572472183809978,111,115,-4
122.67122912954254,128.09338454620644,3500,Ecuador Pacific,0.08721281058829675,-5.422155416663898,94,89,5
107.15836162801904,111.51415906193203,3700,Ecuador Pacific,0.08721281058829675,-4.355797433912997,48,70,-22
93.60933591703348,97.07789171582246,3900,Ecuador Pacific,0.08721281058829675,-3.4685557987889837,35,63,-28
67.29444732424258,68.8134638736401,4100,Ecuador Pacific,0.08721281058829675,-1.51901654939752,8,4,4
15.70037488096647,13.10282624064042,4300,Ecuador Pacific,0.08721281058829675,2.5975486403260497,8,4,4
0.9950330853168092,0,4500,Ecuador Pacific,0.08721281058829675,0.9950330853168092,NA,NA,NA
0,0,4700,Ecuador Pacific,0.08721281058829675,0,NA,NA,NA
0,0,4900,Ecuador Pacific,0.08721281058829675,0,NA,NA,NA
0,0,5100,Ecuador Pacific,0.08721281058829675,0,NA,NA,NA
0,0,5300,Ecuador Pacific,0.08721281058829675,0,NA,NA,NA
0,0,5500,Ecuador Pacific,0.08721281058829675,0,NA,NA,NA
329.4354286044106,333.32753651766967,100,Colombia Pacific,5.0113060095980035,-3.8921079132590535,19,60,-41
170.6564623164823,172.27665977411036,300,Colombia Pacific,5.0113060095980035,-1.620197457628052,52,96,-44
118.78434223960524,116.9381359556317,500,Colombia Pacific,5.0113060095980035,1.8462062839735438,80,143,-63
111.51415906193203,109.86122886681098,700,Colombia Pacific,5.0113060095980035,1.6529301951210584,129,189,-60
183.25814637483103,185.31680973566984,900,Colombia Pacific,5.0113060095980035,-2.058663360838807,149,229,-80
183.57763546448294,185.31680973566984,1100,Colombia Pacific,5.0113060095980035,-1.7391742711868972,166,246,-80
164.67336971777974,164.09365794934715,1300,Colombia Pacific,5.0113060095980035,0.5797117684325883,188,248,-60
157.48464676644812,157.06970841176698,1500,Colombia Pacific,5.0113060095980035,0.4149383546811407,226,296,-70
146.55675420143984,146.09379041156564,1700,Colombia Pacific,5.0113060095980035,0.46296378987420894,229,297,-68
126.9760544863939,124.99017362143358,1900,Colombia Pacific,5.0113060095980035,1.985880864960322,229,289,-60
98.95411936137477,96.69838461896731,2100,Colombia Pacific,5.0113060095980035,2.255734742407455,228,284,-56
76.54678421395714,74.19373447293773,2300,Colombia Pacific,5.0113060095980035,2.3530497410194045,190,261,-71
59.33268452777344,54.81214085096876,2500,Colombia Pacific,5.0113060095980035,4.520543676804678,171,216,-45
45.107561936021654,41.8710334858185,2700,Colombia Pacific,5.0113060095980035,3.236528450203153,143,179,-36
36.46431135879092,32.93037471426005,2900,Colombia Pacific,5.0113060095980035,3.5339366445308755,116,148,-32
27.763173659827956,23.901690047049993,3100,Colombia Pacific,5.0113060095980035,3.8614836127779633,17,24,-7
15.70037488096647,11.332868530700328,3300,Colombia Pacific,5.0113060095980035,4.367506350266142,17,18,-1
19.06203596086497,15.70037488096647,3500,Colombia Pacific,5.0113060095980035,3.361661079898502,18,0,18
11.332868530700328,7.696104113612839,3700,Colombia Pacific,5.0113060095980035,3.6367644170874884,NA,NA,NA
0,0,3900,Colombia Pacific,5.0113060095980035,0,NA,NA,NA
233.40837600534167,227.62411176544438,100,Drakensberg,-29.25107024675926,5.784264239897283,41,44,-3
201.62354657760434,203.60119837525002,300,Drakensberg,-29.25107024675926,-1.9776517976456773,55,60,-5
205.92388343623162,208.8153482281857,500,Drakensberg,-29.25107024675926,-2.8914647919540926,94,103,-9
219.83350716202463,224.38960966453664,700,Drakensberg,-29.25107024675926,-4.5561025025120045,99,114,-15
235.70732782781155,242.39173781615705,900,Drakensberg,-29.25107024675926,-6.684409988345493,102,122,-20
269.39512767227086,286.04851241459653,1100,Drakensberg,-29.25107024675926,-16.65338474232567,102,123,-21
236.36801923538567,256.80215564985065,1300,Drakensberg,-29.25107024675926,-20.434136414464973,100,127,-27
279.4227897343263,310.0092288878234,1500,Drakensberg,-29.25107024675926,-30.58643915349711,91,120,-29
277.1963526845863,313.76657694426575,1700,Drakensberg,-29.25107024675926,-36.570224259679435,71,103,-32
196.71123567059163,230.0583090323373,1900,Drakensberg,-29.25107024675926,-33.34707336174566,57,88,-31
154.7562508716013,185.0028377352031,2100,Drakensberg,-29.25107024675926,-30.246586863601777,33,72,-39
149.73884086254776,182.4549292051046,2300,Drakensberg,-29.25107024675926,-32.716088342556844,9,51,-42
144.9269160281279,176.81496035889214,2500,Drakensberg,-29.25107024675926,-31.888044330764245,9,41,-32
121.19409739751129,148.16045409242156,2700,Drakensberg,-29.25107024675926,-26.966356694910274,8,41,-33
99.69486348916095,122.37754316221157,2900,Drakensberg,-29.25107024675926,-22.682679673050615,8,38,-30
66.26879730752367,81.97798314933114,3100,Drakensberg,-29.25107024675926,-15.709185841807468,0,17,-17
5.826890812397583,0,3300,Drakensberg,-29.25107024675926,5.826890812397583,NA,NA,NA
182.4549292051046,166.01310267496186,100,Pyrenees Atlantic,43.14149085180537,16.441826530142748,53,44,9
211.26345090355997,186.25285401162623,300,Pyrenees Atlantic,43.14149085180537,25.010596891933744,61,49,12
164.48050562713917,139.62446919730587,500,Pyrenees Atlantic,43.14149085180537,24.856036429833296,63,45,18
153.6867219599265,129.19836816486495,700,Pyrenees Atlantic,43.14149085180537,24.488353795061556,65,44,21
136.6091653802371,112.4929596985483,900,Pyrenees Atlantic,43.14149085180537,24.116205681688797,64,42,22
110.19400787607843,87.96267475025637,1100,Pyrenees Atlantic,43.14149085180537,22.23133312582206,66,41,25
70.80357930536961,54.23242908253617,1300,Pyrenees Atlantic,43.14149085180537,16.571150222833438,65,31,34
47.623417899637154,36.46431135879092,1500,Pyrenees Atlantic,43.14149085180537,11.159106540846231,65,24,41
41.8710334858185,25.464221837358075,1700,Pyrenees Atlantic,43.14149085180537,16.406811648460426,60,20,40
26.236426446749107,8.617769624105241,1900,Pyrenees Atlantic,43.14149085180537,17.618656822643864,31,3,28
5.826890812397583,0.9950330853168092,2100,Pyrenees Atlantic,43.14149085180537,4.831857727080774,28,0,28
0,0,2300,Pyrenees Atlantic,43.14149085180537,0,9,0,9
0,0,2500,Pyrenees Atlantic,43.14149085180537,0,9,0,9
0,0,2700,Pyrenees Atlantic,43.14149085180537,0,7,0,7
0,0,2900,Pyrenees Atlantic,43.14149085180537,0,NA,NA,NA
155.60371357069852,149.29040961781487,100,Pyrenees Catalonia,42.28640332776568,6.313303952883643,53,50,3
107.84095813505903,101.88473201992471,300,Pyrenees Catalonia,42.28640332776568,5.956226115134314,62,56,6
130.29127521808397,116.62709371419244,500,Pyrenees Catalonia,42.28640332776568,13.664181503891527,65,58,7
146.55675420143984,127.81522025001874,700,Pyrenees Catalonia,42.28640332776568,18.741533951421104,66,62,4
134.02504226184837,111.84149159642894,900,Pyrenees Catalonia,42.28640332776568,22.183550665419432,72,61,11
124.12685890696329,100.43016091968684,1100,Pyrenees Catalonia,42.28640332776568,23.69669798727645,73,61,12
102.96194171811581,81.53648132841944,1300,Pyrenees Catalonia,42.28640332776568,21.42546038969637,74,59,15
98.58167945227652,77.47271675523682,1500,Pyrenees Catalonia,42.28640332776568,21.1089626970397,71,53,18
87.96267475025637,67.80335427498972,1700,Pyrenees Catalonia,42.28640332776568,20.159320475266654,68,50,18
74.66879474879752,53.06282510621704,1900,Pyrenees Catalonia,42.28640332776568,21.605969642580483,64,44,20
49.46962418361071,29.266961396282003,2100,Pyrenees Catalonia,42.28640332776568,20.20266278732871,55,29,26
26.236426446749107,12.22176327242491,2300,Pyrenees Catalonia,42.28640332776568,14.014663174324197,51,19,32
2.955880224154443,0,2500,Pyrenees Catalonia,42.28640332776568,2.955880224154443,28,4,24
0,0,2700,Pyrenees Catalonia,42.28640332776568,0,9,0,9
320.4371138665319,311.2181086197238,100,Serra Mantiqueira,-22.882906247380117,9.21900524680808,249,223,26
176.47307968401356,190.0613874140137,300,Serra Mantiqueira,-22.882906247380117,-13.588307730000139,279,267,12
374.45506514843976,369.08774567766096,500,Serra Mantiqueira,-22.882906247380117,5.367319470778796,279,277,2
428.62038234965445,418.87452376435846,700,Serra Mantiqueira,-22.882906247380117,9.745858585295991,286,287,-1
382.929335782915,374.7148362237912,900,Serra Mantiqueira,-22.882906247380117,8.214499559123794,296,303,-7
286.84669225081143,283.4389123145228,1100,Serra Mantiqueira,-22.882906247380117,3.407779936288648,295,304,-9
227.72672850097558,233.89170222414356,1300,Serra Mantiqueira,-22.882906247380117,-6.164973723167975,289,288,1
146.32554022560188,174.22190236679188,1500,Serra Mantiqueira,-22.882906247380117,-27.896362141189996,275,276,-1
41.8710334858185,116.00209167967532,1700,Serra Mantiqueira,-22.882906247380117,-74.13105819385682,238,245,-7
0,43.178241642553786,1900,Serra Mantiqueira,-22.882906247380117,-43.178241642553786,139,118,21
0,5.826890812397583,2100,Serra Mantiqueira,-22.882906247380117,-5.826890812397583,92,93,-1
0,0,2300,Serra Mantiqueira,-22.882906247380117,0,69,71,-2
0,0,2500,Serra Mantiqueira,-22.882906247380117,0,9,36,-27
305.72976292121456,322.6050028616201,100,Chiapas,16.73157709547186,-16.87523994040555,102,141,-39
242.56872901280292,256.7254391136754,300,Chiapas,16.73157709547186,-14.156710100872488,105,158,-53
237.39750890807184,247.90562361098245,500,Chiapas,16.73157709547186,-10.508114702910603,105,159,-54
267.276838695757,278.4393767689544,700,Chiapas,16.73157709547186,-11.162538073197368,108,161,-53
230.75726345050847,244.06063908914203,900,Chiapas,16.73157709547186,-13.303375638633554,107,165,-58
215.64025828159643,228.23823856765264,1100,Chiapas,16.73157709547186,-12.597980286056213,75,125,-50
214.5931282948669,227.10944259026746,1300,Chiapas,16.73157709547186,-12.516314295400576,70,134,-64
212.7040520479115,224.60147415056514,1500,Chiapas,16.73157709547186,-11.89742210265365,83,158,-75
196.9905654611529,206.30580624293117,1700,Chiapas,16.73157709547186,-9.315240781778272,59,150,-91
181.319474994812,185.0028377352031,1900,Chiapas,16.73157709547186,-3.6833627403910896,70,127,-57
169.0095815451555,167.3351238177753,2100,Chiapas,16.73157709547186,1.6744577273802008,71,122,-51
153.4714366238164,148.38746894587547,2300,Chiapas,16.73157709547186,5.083967677940933,78,121,-43
111.51415906193203,97.83261227936077,2500,Chiapas,16.73157709547186,13.68154678257126,76,112,-36
73.23678937132266,45.107561936021654,2700,Chiapas,16.73157709547186,28.129227435301004,67,89,-22
57.09795465857378,19.885085874516516,2900,Chiapas,16.73157709547186,37.212868784057264,56,76,-20
37.156355643248304,0,3100,Chiapas,16.73157709547186,37.156355643248304,51,74,-23
18.232155679395458,0,3300,Chiapas,16.73157709547186,18.232155679395458,47,69,-22
7.696104113612839,0,3500,Chiapas,16.73157709547186,7.696104113612839,43,57,-14
0,0,3700,Chiapas,16.73157709547186,0,35,38,-3
348.1547734315814,366.15082573178046,100,Veracruz,18.48996541129892,-17.99605230019904,47,109,-62
224.4955980157409,234.3727036325221,300,Veracruz,18.48996541129892,-9.877105616781193,76,136,-60
191.39771019523042,197.9621206397625,500,Veracruz,18.48996541129892,-6.564410444532086,88,145,-57
181.80767775454285,187.3339456220478,700,Veracruz,18.48996541129892,-5.5262678675049415,97,152,-55
172.09792871670078,175.09374747078,900,Veracruz,18.48996541129892,-2.9958187540792096,100,153,-53
176.13002617433463,180.005827204275,1100,Veracruz,18.48996541129892,-3.8758010299403622,100,153,-53
170.29282555214394,171.91887763932198,1300,Veracruz,18.48996541129892,-1.6260520871780386,108,162,-54
172.27665977411036,172.27665977411036,1500,Veracruz,18.48996541129892,0,105,161,-56
184.21356765531218,185.0028377352031,1700,Veracruz,18.48996541129892,-0.7892700798909118,89,131,-42
184.68787684491346,181.96988379172964,1900,Veracruz,18.48996541129892,2.717993053183818,78,119,-41
191.54509415706048,187.02625307159985,2100,Veracruz,18.48996541129892,4.518841085460622,63,99,-36
178.84205679625404,170.29282555214394,2300,Veracruz,18.48996541129892,8.549231244110103,55,60,-5
158.9235205116581,147.2472057360943,2500,Veracruz,18.48996541129892,11.67631477556381,40,51,-11
116.31508098056808,94.77893989335261,2700,Veracruz,18.48996541129892,21.53614108721547,30,43,-13
72.27059828014897,31.48107398400336,2900,Veracruz,18.48996541129892,40.789524296145615,27,38,-11
33.64722366212129,0,3100,Veracruz,18.48996541129892,33.64722366212129,23,35,-12
9.531017980432493,0,3300,Veracruz,18.48996541129892,9.531017980432493,17,30,-13
4.879016416943205,0,3500,Veracruz,18.48996541129892,4.879016416943205,16,11,5
4.879016416943205,0,3700,Veracruz,18.48996541129892,4.879016416943205,14,5,9
0,0,3900,Veracruz,18.48996541129892,0,14,5,9
0,0,4100,Veracruz,18.48996541129892,0,0,5,-5
0,0,4300,Veracruz,18.48996541129892,0,0,5,-5
0,0,4500,Veracruz,18.48996541129892,0,0,5,-5
0,0,4700,Veracruz,18.48996541129892,0,0,5,-5
0,0,4900,Veracruz,18.48996541129892,0,0,5,-5
0,0,5100,Veracruz,18.48996541129892,0,NA,NA,NA
228.54389341590752,245.78779774000813,100,Jalisco,19.93984234591426,-17.243904324100612,61,121,-60
202.0222182019865,218.26747963214882,300,Jalisco,19.93984234591426,-16.245261430162316,66,137,-71
194.30489167742812,209.80179272527715,500,Jalisco,19.93984234591426,-15.496901047849036,67,142,-75
175.95805708638196,188.25138324965192,700,Jalisco,19.93984234591426,-12.293326163269967,75,147,-72
172.09792871670078,179.84040119467235,900,Jalisco,19.93984234591426,-7.742472477971575,75,151,-76
156.44405465033643,160.1405740736836,1100,Jalisco,19.93984234591426,-3.6965194233471834,77,164,-87
206.68627594729762,211.14245875328868,1300,Jalisco,19.93984234591426,-4.456182805991062,80,164,-84
213.29823086078662,219.83350716202463,1500,Jalisco,19.93984234591426,-6.535276301238014,78,158,-80
175.95805708638196,185.47342683894433,1700,Jalisco,19.93984234591426,-9.515369752562378,65,155,-90
147.70487243883548,150.6297153514587,1900,Jalisco,19.93984234591426,-2.924842912623234,67,163,-96
114.74024528375418,106.47107369924282,2100,Jalisco,19.93984234591426,8.269171584511355,53,148,-95
79.75071958841879,57.09795465857378,2300,Jalisco,19.93984234591426,22.652764929845013,44,128,-84
32.93037471426005,0,2500,Jalisco,19.93984234591426,32.93037471426005,22,74,-52
11.332868530700328,0,2700,Jalisco,19.93984234591426,11.332868530700328,22,63,-41
0,0,2900,Jalisco,19.93984234591426,0,22,56,-34
0,0,3100,Jalisco,19.93984234591426,0,22,56,-34
0,0,3300,Jalisco,19.93984234591426,0,22,56,-34
0,0,3500,Jalisco,19.93984234591426,0,16,29,-13
0,0,3700,Jalisco,19.93984234591426,0,14,0,14
0,0,3900,Jalisco,19.93984234591426,0,NA,NA,NA
257.2612230207106,282.6129489167811,100,Sierra Occidental,24.01757756076244,-25.35172589607049,22,72,-50
211.98634561787512,232.9227023940467,300,Sierra Occidental,24.01757756076244,-20.93635677617158,22,76,-54
177.83364488959143,196.9905654611529,500,Sierra Occidental,24.01757756076244,-19.15692057156147,28,96,-68
153.03947050936475,169.56156086751528,700,Sierra Occidental,24.01757756076244,-16.522090358150535,33,105,-72
148.16045409242156,162.924053973028,900,Sierra Occidental,24.01757756076244,-14.76359988060645,30,99,-69
144.69189829363253,159.1273941806429,1100,Sierra Occidental,24.01757756076244,-14.435495887010376,41,110,-69
140.36429994545037,153.90154481375546,1300,Sierra Occidental,24.01757756076244,-13.537244868305095,40,108,-68
164.67336971777974,178.67469274045106,1500,Sierra Occidental,24.01757756076244,-14.001323022671329,49,121,-72
186.25285401162623,194.4480556245719,1700,Sierra Occidental,24.01757756076244,-8.19520161294568,46,116,-70
265.67569067146593,261.8125493574223,1900,Sierra Occidental,24.01757756076244,3.8631413140436166,64,120,-56
263.54795082673746,262.24923127405634,2100,Sierra Occidental,24.01757756076244,1.2987195526811206,64,109,-45
260.93342281630527,261.66656393003575,2300,Sierra Occidental,24.01757756076244,-0.7331411137304826,57,90,-33
275.6205242989257,278.0680892137118,2500,Sierra Occidental,24.01757756076244,-2.447564914786085,53,84,-31
200.82140323914683,202.41930674493577,2700,Sierra Occidental,24.01757756076244,-1.5979035057889348,25,29,-4
64.71032420585385,51.282362642866374,2900,Sierra Occidental,24.01757756076244,13.427961562987477,0,9,-9
0,0,3100,Sierra Occidental,24.01757756076244,0,NA,NA,NA
176.47307968401356,185.47342683894433,100,Nuevo León,24.989032477549827,-9.000347154930779,2,0,2
272.785282839839,289.70163006148334,300,Nuevo León,24.989032477549827,-16.916347221644344,62,80,-18
196.5712776351493,208.69135565185366,500,Nuevo León,24.989032477549827,-12.120078016704355,75,98,-23
116.62709371419244,120.89603458369751,700,Nuevo León,24.989032477549827,-4.268940869505073,83,109,-26
118.78434223960524,124.4154593958768,900,Nuevo León,24.989032477549827,-5.631117156271557,93,113,-20
106.47107369924282,107.50024230289759,1100,Nuevo León,24.989032477549827,-1.0291686036547674,102,109,-7
107.50024230289759,105.43120297715298,1300,Nuevo León,24.989032477549827,2.069039325744612,103,109,-6
106.81530811834013,99.32517730102835,1500,Nuevo León,24.989032477549827,7.49013081731178,98,101,-3
163.89967146756447,164.09365794934715,1700,Nuevo León,24.989032477549827,-0.19398648178267308,100,103,-3
191.39771019523042,190.65751436566364,1900,Nuevo León,24.989032477549827,0.7401958295667725,107,95,12
167.3351238177753,162.72778305624314,2100,Nuevo León,24.989032477549827,4.607340761532157,111,90,21
131.6408233655724,120.89603458369751,2300,Nuevo León,24.989032477549827,10.744788781874888,104,82,22
91.22827104766164,74.19373447293773,2500,Nuevo León,24.989032477549827,17.0345365747239,91,60,31
54.81214085096876,28.51789422336625,2700,Nuevo León,24.989032477549827,26.29424662760251,70,42,28
23.901690047049993,0,2900,Nuevo León,24.989032477549827,23.901690047049993,45,30,15
8.617769624105241,0,3100,Nuevo León,24.989032477549827,8.617769624105241,19,21,-2
1.980262729617973,0,3300,Nuevo León,24.989032477549827,1.980262729617973,17,12,5
0,0,3500,Nuevo León,24.989032477549827,0,0,12,-12
319.4173212227829,313.76657694426575,100,California Sierra Nevada,37.31359490373334,5.650744278517152,56,73,-17
162.3340817603092,177.3255997663495,300,California Sierra Nevada,37.31359490373334,-14.991518006040309,73,81,-8
159.53389880545987,160.94379124341003,500,California Sierra Nevada,37.31359490373334,-1.4098924379501625,77,84,-7
154.32981099295552,145.62867329399256,700,California Sierra Nevada,37.31359490373334,8.701137698962953,81,76,5
147.01758451005927,131.90856114264406,900,California Sierra Nevada,37.31359490373334,15.109023367415205,101,79,22
130.0191662066479,111.18575154181303,1100,California Sierra Nevada,37.31359490373334,18.833414664834862,103,76,27
127.25655957915475,104.38040521731146,1300,California Sierra Nevada,37.31359490373334,22.87615436184329,104,76,28
121.19409739751129,96.69838461896731,1500,California Sierra Nevada,37.31359490373334,24.495712778543975,107,70,37
118.17271953786161,92.4258901523332,1700,California Sierra Nevada,37.31359490373334,25.746829385528414,98,62,36
119.08875647772805,92.02827531436924,1900,California Sierra Nevada,37.31359490373334,27.060481163358816,95,52,43
138.8791241318478,109.86122886681098,2100,California Sierra Nevada,37.31359490373334,29.017895265036813,93,40,53
136.35373739972744,109.86122886681098,2300,California Sierra Nevada,37.31359490373334,26.49250853291646,91,29,62
125.84609896100056,98.58167945227652,2500,California Sierra Nevada,37.31359490373334,27.264419508724046,90,12,78
107.15836162801904,77.47271675523682,2700,California Sierra Nevada,37.31359490373334,29.68564487278222,82,8,74
91.62907318741551,54.23242908253617,2900,California Sierra Nevada,37.31359490373334,37.39664410487934,75,9,66
60.431596685332956,14.842000511827322,3100,California Sierra Nevada,37.31359490373334,45.58959617350563,67,4,63
36.46431135879092,0,3300,California Sierra Nevada,37.31359490373334,36.46431135879092,56,4,52
9.531017980432493,0,3500,California Sierra Nevada,37.31359490373334,9.531017980432493,32,4,28
0,0,3700,California Sierra Nevada,37.31359490373334,0,11,0,11
0,0,3900,California Sierra Nevada,37.31359490373334,0,4,0,4
0,0,4100,California Sierra Nevada,37.31359490373334,0,NA,NA,NA
39.20420877760237,43.178241642553786,100,Sierra Nevada Spain,37.34658647398411,-3.9740328649514183,NA,NA,NA
140.60969884160704,152.16989981260934,300,Sierra Nevada Spain,37.34658647398411,-11.560200971002303,40,35,5
170.6564623164823,180.99267731835042,500,Sierra Nevada Spain,37.34658647398411,-10.336215001868112,62,51,11
173.16555451583497,176.98546338400052,700,Sierra Nevada Spain,37.34658647398411,-3.8199088681655553,69,62,7
186.25285401162623,183.09801823813362,900,Sierra Nevada Spain,37.34658647398411,3.154835773492607,72,65,7
181.80767775454285,172.4550719534605,1100,Sierra Nevada Spain,37.34658647398411,9.352605801082348,77,63,14
125.56160374777743,114.10330045520618,1300,Sierra Nevada Spain,37.34658647398411,11.458303292571244,72,61,11
85.86616190375189,70.80357930536961,1500,Sierra Nevada Spain,37.34658647398411,15.062582598382278,70,59,11
65.23251860396901,48.85800148186709,1700,Sierra Nevada Spain,37.34658647398411,16.37451712210192,68,49,19
49.46962418361071,32.93037471426005,1900,Sierra Nevada Spain,37.34658647398411,16.539249469350665,66,43,23
21.511137961694548,4.879016416943205,2100,Sierra Nevada Spain,37.34658647398411,16.632121544751342,55,38,17
10.436001532424285,0,2300,Sierra Nevada Spain,37.34658647398411,10.436001532424285,36,21,15
5.826890812397583,0,2500,Sierra Nevada Spain,37.34658647398411,5.826890812397583,23,18,5
1.980262729617973,0,2700,Sierra Nevada Spain,37.34658647398411,1.980262729617973,17,18,-1
0,0,2900,Sierra Nevada Spain,37.34658647398411,0,12,0,12
0,0,3100,Sierra Nevada Spain,37.34658647398411,0,12,0,12
306.7587710654419,340.2196881995239,100,Southern Ghats East,9.905506578579013,-33.46091713408197,50,78,-28
240.3334996094189,267.62154775821915,300,Southern Ghats East,9.905506578579013,-27.288048148800243,67,102,-35
142.5515074273172,152.8227857008557,500,Southern Ghats East,9.905506578579013,-10.271278273538485,82,141,-59
107.84095813505903,109.52733874025951,700,Southern Ghats East,9.905506578579013,-1.6863806052004833,91,151,-60
114.74024528375418,112.8171090909654,900,Southern Ghats East,9.905506578579013,1.9231361927887747,92,151,-59
133.76291891386097,136.09765531356007,1100,Southern Ghats East,9.905506578579013,-2.3347363996990964,90,148,-58
95.55114450274364,90.42181506398857,1300,Southern Ghats East,9.905506578579013,5.1293294387550645,86,146,-60
57.09795465857378,39.20420877760237,1500,Southern Ghats East,9.905506578579013,17.89374588097141,80,143,-63
43.178241642553786,19.06203596086497,1700,Southern Ghats East,9.905506578579013,24.116205681688815,77,125,-48
35.76744442718159,7.696104113612839,1900,Southern Ghats East,9.905506578579013,28.071340313568747,67,102,-35
27.00271372130602,0,2100,Southern Ghats East,9.905506578579013,27.00271372130602,60,81,-21
16.551443847757334,0,2300,Southern Ghats East,9.905506578579013,16.551443847757334,37,46,-9
0,0,2500,Southern Ghats East,9.905506578579013,0,0,13,-13
315.65747986708215,330.61538329752614,100,Southern Ghats West,9.678083340053739,-14.957903430443992,99,162,-63
196.29077254238845,210.90003439213802,300,Southern Ghats West,9.678083340053739,-14.609261849749572,107,165,-58
152.16989981260934,161.34299337036379,500,Southern Ghats West,9.678083340053739,-9.173093557754441,109,167,-58
141.09869737102622,148.38746894587547,700,Southern Ghats West,9.678083340053739,-7.28877157484925,107,176,-69
151.5127232962859,159.53389880545987,900,Southern Ghats West,9.678083340053739,-8.021175509173958,108,173,-65
146.78743481123135,155.814461804655,1100,Southern Ghats West,9.678083340053739,-9.027026993423647,103,170,-67
96.69838461896731,99.69486348916095,1300,Southern Ghats West,9.678083340053739,-2.9964788701936413,88,155,-67
63.127177684185774,60.431596685332956,1500,Southern Ghats West,9.678083340053739,2.6955809988528188,72,152,-80
50.6817602368452,43.82549309311553,1700,Southern Ghats West,9.678083340053739,6.856267143729667,61,137,-76
39.87761199573678,30.010459245033815,1900,Southern Ghats West,9.678083340053739,9.867152750702964,46,106,-60
31.48107398400336,17.3953307123438,2100,Southern Ghats West,9.678083340053739,14.08574327165956,5,39,-34
18.232155679395458,0,2300,Southern Ghats West,9.678083340053739,18.232155679395458,5,14,-9
0,0,2500,Southern Ghats West,9.678083340053739,0,NA,NA,NA
200.14800002101242,198.3756291545428,100,Chile Central,-33.54495788804106,1.772370866469629,46,42,4
225.02386126218363,227.41856184723477,300,Chile Central,-33.54495788804106,-2.3947005850511403,54,47,7
200.55258587296677,205.54049638515949,500,Chile Central,-33.54495788804106,-4.9879105121927125,55,48,7
159.1273941806429,159.7365331199831,700,Chile Central,-33.54495788804106,-0.6091389393401982,51,46,5
126.69476034873244,127.5362800412609,900,Chile Central,-33.54495788804106,-0.8415196925284505,52,49,3
104.73189942805593,108.85619528146083,1100,Chile Central,-33.54495788804106,-4.124295853404902,50,49,1
82.85518175661483,89.19980393051105,1300,Chile Central,-33.54495788804106,-6.3446221738962265,50,50,0
70.30975114131134,78.84573603642703,1500,Chile Central,-33.54495788804106,-8.53598489511569,49,52,-3
51.87937934151676,62.593843086649535,1700,Chile Central,-33.54495788804106,-10.714463745132775,50,56,-6
41.2109650826833,53.06282510621704,1900,Chile Central,-33.54495788804106,-11.851860023533739,49,59,-10
25.464221837358075,39.20420877760237,2100,Chile Central,-33.54495788804106,-13.739986940244293,45,58,-13
19.885085874516516,36.46431135879092,2300,Chile Central,-33.54495788804106,-16.579225484274406,38,59,-21
14.842000511827322,34.358970439007685,2500,Chile Central,-33.54495788804106,-19.516969927180362,32,57,-25
10.436001532424285,30.748469974796055,2700,Chile Central,-33.54495788804106,-20.31246844237177,23,57,-34
9.531017980432493,32.208349916911324,2900,Chile Central,-33.54495788804106,-22.67733193647883,11,50,-39
7.696104113612839,32.93037471426005,3100,Chile Central,-33.54495788804106,-25.234270600647207,9,45,-36
4.879016416943205,29.266961396282003,3300,Chile Central,-33.54495788804106,-24.387944979338798,7,39,-32
4.879016416943205,25.464221837358075,3500,Chile Central,-33.54495788804106,-20.58520542041487,7,35,-28
2.955880224154443,19.885085874516516,3700,Chile Central,-33.54495788804106,-16.92920565036207,0,19,-19
1.980262729617973,14.842000511827322,3900,Chile Central,-33.54495788804106,-12.86173778220935,0,6,-6
1.980262729617973,11.332868530700328,4100,Chile Central,-33.54495788804106,-9.352605801082355,NA,NA,NA
0,6.765864847381486,4300,Chile Central,-33.54495788804106,-6.765864847381486,NA,NA,NA
0,3.922071315328133,4500,Chile Central,-33.54495788804106,-3.922071315328133,NA,NA,NA
0,0.9950330853168092,4700,Chile Central,-33.54495788804106,-0.9950330853168092,NA,NA,NA
0,0,4900,Chile Central,-33.54495788804106,0,NA,NA,NA
0,0,5100,Chile Central,-33.54495788804106,0,NA,NA,NA
0,0,5300,Chile Central,-33.54495788804106,0,NA,NA,NA
0,0,5500,Chile Central,-33.54495788804106,0,NA,NA,NA
0,0,5700,Chile Central,-33.54495788804106,0,NA,NA,NA
0,0,5900,Chile Central,-33.54495788804106,0,NA,NA,NA
0,0,6100,Chile Central,-33.54495788804106,0,NA,NA,NA
0,0,6300,Chile Central,-33.54495788804106,0,NA,NA,NA
157.89787049493918,177.6645831418007,300,Western Himalayas,32.458207209841724,-19.76671264686152,NA,NA,NA
175.78579175523737,185.94181177018697,500,Western Himalayas,32.458207209841724,-10.156020014949604,27,49,-22
164.09365794934715,171.37979277583432,700,Western Himalayas,32.458207209841724,-7.286134826487171,56,72,-16
142.791603581071,141.5853163361435,900,Western Himalayas,32.458207209841724,1.2062872449274948,77,83,-6
101.16009116784798,92.8219302739429,1100,Western Himalayas,32.458207209841724,8.338160893905084,82,95,-13
95.93502213346021,81.97798314933114,1300,Western Himalayas,32.458207209841724,13.95703898412907,89,97,-8
99.32517730102835,77.01082216960738,1500,Western Himalayas,32.458207209841724,22.314355131420967,94,95,-1
102.24509277025457,74.66879474879752,1700,Western Himalayas,32.458207209841724,27.57629802145705,100,96,4
112.16775615991057,77.93248768009975,1900,Western Himalayas,32.458207209841724,34.23526847981081,107,94,13
119.69481893889716,82.85518175661483,2100,Western Himalayas,32.458207209841724,36.83963718228233,107,93,14
120.5970806988609,82.41754429663494,2300,Western Himalayas,32.458207209841724,38.17953640222596,108,76,32
114.10330045520618,77.01082216960738,2500,Western Himalayas,32.458207209841724,37.0924782855988,110,69,41
112.4929596985483,76.080582903376,2700,Western Himalayas,32.458207209841724,36.41237679517231,104,51,53
111.84149159642894,75.61219797213337,2900,Western Himalayas,32.458207209841724,36.229293624295565,94,41,53
98.95411936137477,60.97655716208942,3100,Western Himalayas,32.458207209841724,37.977562199285344,86,36,50
88.37675401685951,44.468582126144575,3300,Western Himalayas,32.458207209841724,43.90817189071493,79,26,53
78.84573603642703,26.236426446749107,3500,Western Himalayas,32.458207209841724,52.60930958967792,48,26,22
65.75200029167942,14.842000511827322,3700,Western Himalayas,32.458207209841724,50.9099997798521,48,18,30
53.06282510621704,6.765864847381486,3900,Western Himalayas,32.458207209841724,46.296960258835554,42,13,29
48.242614924429276,13.976194237515863,4100,Western Himalayas,32.458207209841724,34.26642068691341,42,13,29
81.97798314933114,44.468582126144575,4300,Western Himalayas,32.458207209841724,37.50940102318656,44,9,35
100.0631880307906,64.18538861723947,4500,Western Himalayas,32.458207209841724,35.87779941355113,42,7,35
105.77902941478546,68.30968447064438,4700,Western Himalayas,32.458207209841724,37.46934494414107,40,0,40
97.83261227936077,62.05764877251097,4900,Western Himalayas,32.458207209841724,35.7749635068498,37,0,37
85.86616190375189,52.472852893498214,5100,Western Himalayas,32.458207209841724,33.393309010253674,33,0,33
64.71032420585385,36.46431135879092,5300,Western Himalayas,32.458207209841724,28.24601284706293,30,0,30
47.000362924573565,23.111172096338663,5500,Western Himalayas,32.458207209841724,23.889190828234902,8,0,8
34.358970439007685,15.70037488096647,5700,Western Himalayas,32.458207209841724,18.658595558041213,NA,NA,NA
8.617769624105241,0.9950330853168092,5900,Western Himalayas,32.458207209841724,7.622736538788432,NA,NA,NA
0,0,6100,Western Himalayas,32.458207209841724,0,NA,NA,NA
0,0,6300,Western Himalayas,32.458207209841724,0,NA,NA,NA
107.15836162801904,121.49127443642705,100,Hawaii,19.597891398988683,-14.332912808408011,25,29,-4
80.64758658669486,90.01613499442715,300,Hawaii,19.597891398988683,-9.368548407732291,26,28,-2
80.64758658669486,90.01613499442715,500,Hawaii,19.597891398988683,-9.368548407732291,31,32,-1
79.75071958841879,91.22827104766164,700,Hawaii,19.597891398988683,-11.477551459242846,30,33,-3
78.84573603642703,95.55114450274364,900,Hawaii,19.597891398988683,-16.705408466316612,31,34,-3
66.26879730752367,80.64758658669486,1100,Hawaii,19.597891398988683,-14.378789279171187,28,30,-2
58.22156198526637,72.27059828014897,1300,Hawaii,19.597891398988683,-14.049036294882605,28,30,-2
54.23242908253617,60.431596685332956,1500,Hawaii,19.597891398988683,-6.199167602796784,27,30,-3
45.107561936021654,45.107561936021654,1700,Hawaii,19.597891398988683,0,27,29,-2
35.76744442718159,32.93037471426005,1900,Hawaii,19.597891398988683,2.83706971292154,27,29,-2
25.464221837358075,20.70141693843261,2100,Hawaii,19.597891398988683,4.762804898925463,27,29,-2
12.22176327242491,2.955880224154443,2300,Hawaii,19.597891398988683,9.265883048270467,25,23,2
7.696104113612839,0,2500,Hawaii,19.597891398988683,7.696104113612839,19,21,-2
3.922071315328133,0,2700,Hawaii,19.597891398988683,3.922071315328133,14,17,-3
1.980262729617973,0,2900,Hawaii,19.597891398988683,1.980262729617973,10,13,-3
1.980262729617973,0,3100,Hawaii,19.597891398988683,1.980262729617973,2,6,-4
0.9950330853168092,0,3300,Hawaii,19.597891398988683,0.9950330853168092,2,0,2
0.9950330853168092,0,3500,Hawaii,19.597891398988683,0.9950330853168092,2,0,2
0,0,3700,Hawaii,19.597891398988683,0,2,0,2
0,0,3900,Hawaii,19.597891398988683,0,2,0,2
0,0,4100,Hawaii,19.597891398988683,0,NA,NA,NA
158.10384379124022,158.10384379124022,100,Taiwan East,23.97327822109333,0,51,87,-36
142.5515074273172,149.73884086254776,300,Taiwan East,23.97327822109333,-7.187333435230556,61,96,-35
131.10318766193438,138.37912309017722,500,Taiwan East,23.97327822109333,-7.275935428242832,54,90,-36
121.19409739751129,128.37077723447896,700,Taiwan East,23.97327822109333,-7.176679836967679,54,86,-32
119.9964782928397,126.4126727145683,900,Taiwan East,23.97327822109333,-6.416194421728605,58,86,-28
111.18575154181303,114.10330045520618,1100,Taiwan East,23.97327822109333,-2.917548913393148,61,86,-25
119.69481893889716,119.9964782928397,1300,Taiwan East,23.97327822109333,-0.30165935394254006,63,82,-19
110.19400787607843,106.81530811834013,1500,Taiwan East,23.97327822109333,3.3786997577383033,60,72,-12
112.8171090909654,107.15836162801904,1700,Taiwan East,23.97327822109333,5.658747462946366,62,65,-3
107.84095813505903,98.95411936137477,1900,Taiwan East,23.97327822109333,8.88683877368426,60,58,2
105.77902941478546,95.93502213346021,2100,Taiwan East,23.97327822109333,9.844007281325247,55,55,0
85.86616190375189,77.01082216960738,2300,Taiwan East,23.97327822109333,8.855339734144508,52,42,10
83.29091229351039,75.14160886839211,2500,Taiwan East,23.97327822109333,8.149303425118276,50,42,8
69.31471805599453,61.51856390902335,2700,Taiwan East,23.97327822109333,7.796154146971183,38,20,18
52.472852893498214,45.107561936021654,2900,Taiwan East,23.97327822109333,7.36529095747656,26,14,12
27.00271372130602,18.232155679395458,3100,Taiwan East,23.97327822109333,8.770558041910562,21,2,19
7.696104113612839,0,3300,Taiwan East,23.97327822109333,7.696104113612839,13,0,13
1.980262729617973,0,3500,Taiwan East,23.97327822109333,1.980262729617973,NA,NA,NA
253.76572151735294,253.52828571130672,100,Taiwan West,23.559891799749735,0.2374358060462214,56,89,-33
157.48464676644812,163.89967146756447,300,Taiwan West,23.559891799749735,-6.4150247011163515,63,105,-42
138.37912309017722,144.69189829363253,500,Taiwan West,23.559891799749735,-6.312775203455317,62,104,-42
133.76291891386097,141.09869737102622,700,Taiwan West,23.559891799749735,-7.335778457165247,64,104,-40
120.89603458369751,127.25655957915475,900,Taiwan West,23.559891799749735,-6.36052499545724,68,94,-26
114.10330045520618,118.47899849091621,1100,Taiwan West,23.559891799749735,-4.37569803571003,71,97,-26
113.78330018213912,114.4222799920162,1300,Taiwan West,23.559891799749735,-0.6389798098770854,68,98,-30
111.84149159642894,109.1923300517313,1500,Taiwan West,23.559891799749735,2.649161544697634,69,90,-21
111.51415906193203,105.08216248317612,1700,Taiwan West,23.559891799749735,6.431996578755914,67,88,-21
104.38040521731146,94.39058989071285,1900,Taiwan West,23.559891799749735,9.989815326598617,65,84,-19
107.50024230289759,95.93502213346021,2100,Taiwan West,23.559891799749735,11.565220169437382,61,81,-20
85.86616190375189,74.19373447293773,2300,Taiwan West,23.559891799749735,11.672427430814153,61,71,-10
81.09302162163287,69.81347220709843,2500,Taiwan West,23.559891799749735,11.279549414534443,54,63,-9
65.23251860396901,53.64933705145685,2700,Taiwan West,23.559891799749735,11.583181552512166,54,53,1
50.077528791248916,37.156355643248304,2900,Taiwan West,23.559891799749735,12.921173148000612,37,36,1
23.901690047049993,8.617769624105241,3100,Taiwan West,23.559891799749735,15.283920422944751,32,27,5
5.826890812397583,0,3300,Taiwan West,23.559891799749735,5.826890812397583,20,5,15
0.9950330853168092,0,3500,Taiwan West,23.559891799749735,0.9950330853168092,20,5,15
339.45083935113587,349.5294705041271,100,Costa Rica Caribbean,9.685113919422092,-10.07863115299125,216,277,-61
230.75726345050847,237.67644911682973,300,Costa Rica Caribbean,9.685113919422092,-6.919185666321255,232,299,-67
210.6570209068088,216.90537003695232,500,Costa Rica Caribbean,9.685113919422092,-6.2483491301435095,268,339,-71
204.89823341951274,210.29138978649783,700,Costa Rica Caribbean,9.685113919422092,-5.393156366985096,274,339,-65
193.7301774518713,199.3338842626424,900,Costa Rica Caribbean,9.685113919422092,-5.603706810771115,275,331,-56
184.21356765531218,190.95425048844385,1100,Costa Rica Caribbean,9.685113919422092,-6.740682833131672,298,361,-63
160.54298910365617,167.52256529721035,1300,Costa Rica Caribbean,9.685113919422092,-6.9795761935541805,288,352,-64
147.93292270870802,154.32981099295552,1500,Costa Rica Caribbean,9.685113919422092,-6.3968882842474954,243,321,-78
135.8409157630355,137.37155789130307,1700,Costa Rica Caribbean,9.685113919422092,-1.5306421282675728,196,262,-66
109.86122886681098,107.15836162801904,1900,Costa Rica Caribbean,9.685113919422092,2.7028672387919386,178,229,-51
94.00072584914712,88.37675401685951,2100,Costa Rica Caribbean,9.685113919422092,5.623971832287609,151,201,-50
79.29925155296614,71.29498078561251,2300,Costa Rica Caribbean,9.685113919422092,8.004270767353631,130,172,-42
65.75200029167942,55.961578793542266,2500,Costa Rica Caribbean,9.685113919422092,9.790421498137157,109,156,-47
50.077528791248916,35.06568716131693,2700,Costa Rica Caribbean,9.685113919422092,15.011841629931986,88,123,-35
34.358970439007685,13.976194237515863,2900,Costa Rica Caribbean,9.685113919422092,20.382776201491822,84,117,-33
13.10282624064042,0,3100,Costa Rica Caribbean,9.685113919422092,13.10282624064042,51,65,-14
0.9950330853168092,0,3300,Costa Rica Caribbean,9.685113919422092,0.9950330853168092,47,53,-6
0,0,3500,Costa Rica Caribbean,9.685113919422092,0,NA,NA,NA
0,0,3700,Costa Rica Caribbean,9.685113919422092,0,NA,NA,NA
352.5183361443147,361.44252681889884,100,Costa Rica Pacific,9.73274134036834,-8.924190674584167,248,311,-63
242.30312460699128,248.98941912990392,300,Costa Rica Pacific,9.73274134036834,-6.686294522912647,287,358,-71
213.1796772013764,219.1653532286764,500,Costa Rica Pacific,9.73274134036834,-5.985676027300002,302,384,-82
201.62354657760434,206.68627594729762,700,Costa Rica Pacific,9.73274134036834,-5.0627293696932725,312,392,-80
189.7619859927532,194.73377010464986,900,Costa Rica Pacific,9.73274134036834,-4.971784111896653,289,365,-76
180.3358605071407,186.56293177945105,1100,Costa Rica Pacific,9.73274134036834,-6.227071272310354,284,356,-72
157.89787049493918,163.70530794670736,1300,Costa Rica Pacific,9.73274134036834,-5.80743745176818,303,368,-65
146.09379041156564,152.16989981260934,1500,Costa Rica Pacific,9.73274134036834,-6.076109401043709,291,335,-44
135.06671834767394,136.35373739972744,1700,Costa Rica Pacific,9.73274134036834,-1.2870190520534948,270,322,-52
109.86122886681098,106.81530811834013,1900,Costa Rica Pacific,9.73274134036834,3.0459207484708486,232,275,-43
93.60933591703348,87.96267475025637,2100,Costa Rica Pacific,9.73274134036834,5.646661166777108,162,207,-45
78.84573603642703,70.80357930536961,2300,Costa Rica Pacific,9.73274134036834,8.042156731057418,132,178,-46
65.75200029167942,55.961578793542266,2500,Costa Rica Pacific,9.73274134036834,9.790421498137157,119,155,-36
49.46962418361071,35.06568716131693,2700,Costa Rica Pacific,9.73274134036834,14.403937022293782,110,130,-20
34.358970439007685,13.10282624064042,2900,Costa Rica Pacific,9.73274134036834,21.256144198367267,99,115,-16
12.22176327242491,0,3100,Costa Rica Pacific,9.73274134036834,12.22176327242491,68,76,-8
0.9950330853168092,0,3300,Costa Rica Pacific,9.73274134036834,0.9950330853168092,44,53,-9
0,0,3500,Costa Rica Pacific,9.73274134036834,0,8,27,-19
0,0,3700,Costa Rica Pacific,9.73274134036834,0,8,6,2
